{
  "symptomatic": {
    "0": 0.20525869,
    "10": 0.2086514,
    "20": 0.22391858,
    "30": 0.25784563,
    "40": 0.28668363,
    "50": 0.37659033,
    "60": 0.48515691,
    "70": 0.61577608,
    "80": 0.66666667
  },
  "hospitalized": {
    "0": 0.001,
    "10": 0.003,
    "20": 0.012,
    "30": 0.032,
    "40": 0.049,
    "50": 0.102,
    "60": 0.166,
    "70": 0.243,
    "80": 0.273
  },
  "critical_care": {
    "0": 0.00005,
    "10": 0.00015,
    "20": 0.0006,
    "30": 0.0016,
    "40": 0.003087,
    "50": 0.012444,
    "60": 0.045484,
    "70": 0.104976,
    "80": 0.193557
  },
  "fatal": {
    "0": 0.00002,
    "10": 0.00006,
    "20": 0.0003,
    "30": 0.0008,
    "40": 0.0015,
    "50": 0.0060,
    "60": 0.022,
    "70": 0.051,
    "80": 0.093
  }
}